{"rfh_mean": {"mean": 11.021175013856757, "median": 11.160629542606518, "std": 4.700780628216189, "quartiles": [7.605913392857143, 11.160629542606518, 13.493261184210528]}, "rfh_median": {"mean": 12.242567307692306, "median": 12.31345, "std": 5.714925738070036, "quartiles": [7.825475, 12.31345, 15.4783]}, "rfh_std": {"mean": 7.952511432886313, "median": 7.302995080355057, "std": 3.747267958118484, "quartiles": [5.5218420551123675, 7.302995080355057, 9.76688836862674]}, "rfh_winter": {"mean": 18.19895544871795, "median": 17.36390248756219, "std": 8.490906158234509, "quartiles": [12.065830379353235, 17.36390248756219, 21.962708208955227]}, "rfh_spring": {"mean": 12.285973749043242, "median": 11.737932711442786, "std": 5.394225271686512, "quartiles": [8.979848072139305, 11.737932711442786, 15.63689763681592]}, "rfh_summer": {"mean": 1.0738066239316237, "median": 0.84645, "std": 0.750718013223127, "quartiles": [0.5068416666666666, 0.84645, 1.554136111111111]}, "rfh_autumn": {"mean": 12.398046367521367, "median": 11.966161111111111, "std": 5.263254714724261, "quartiles": [8.614822222222223, 11.966161111111111, 15.435744444444445]}, "r1h_mean": {"mean": 33.05590774948317, "median": 33.45502525062657, "std": 14.08461645370384, "quartiles": [22.809630263157896, 33.45502525062657, 40.47247359022556]}, "r1h_median": {"mean": 39.844421153846156, "median": 39.5481, "std": 17.697192238266815, "quartiles": [27.794775, 39.5481, 50.969699999999996]}, "r1h_std": {"mean": 22.557032543573794, "median": 20.8495629920905, "std": 10.663487545099557, "quartiles": [15.47631966988963, 20.8495629920905, 27.883988495238626]}, "r1h_winter": {"mean": 57.389320076947, "median": 54.31114502487563, "std": 26.79910627652753, "quartiles": [37.58696097636816, 54.31114502487563, 69.06769384328358]}, "r1h_spring": {"mean": 39.294707060849596, "median": 37.95594937810945, "std": 17.36019398490844, "quartiles": [27.522713246268655, 37.95594937810945, 50.62632058457712]}, "r1h_summer": {"mean": 4.929272329059828, "median": 4.81845, "std": 3.0144423087108474, "quartiles": [2.313263888888889, 4.81845, 6.737380555555556]}, "r1h_autumn": {"mean": 30.151334081196588, "median": 29.971349999999994, "std": 12.44215861675402, "quartiles": [21.619227777777777, 29.971349999999994, 37.27270000000001]}, "r3h_mean": {"mean": 99.15428763023624, "median": 100.13770206766917, "std": 42.07406849165661, "quartiles": [68.36271505325814, 100.13770206766917, 121.55926577380951]}, "r3h_median": {"mean": 108.07814615384616, "median": 106.85765, "std": 45.381508880006, "quartiles": [78.168325, 106.85765, 134.545025]}, "r3h_std": {"mean": 59.75829190546126, "median": 54.052306122507886, "std": 28.444213328873154, "quartiles": [41.04056446176232, 54.052306122507886, 73.93023633477249]}, "r3h_winter": {"mean": 162.27712281859934, "median": 154.00843905472635, "std": 74.33052922313597, "quartiles": [106.93740814676616, 154.00843905472635, 197.55142537313435]}, "r3h_spring": {"mean": 139.1148597994164, "median": 135.08805024875622, "std": 61.31562506769666, "quartiles": [97.92162412935325, 135.08805024875622, 174.6367247512438]}, "r3h_summer": {"mean": 44.74775790598291, "median": 43.367266666666666, "std": 20.519267334126255, "quartiles": [30.411741666666668, 43.367266666666666, 64.49068611111112]}, "r3h_autumn": {"mean": 48.954015170940174, "median": 48.46875, "std": 19.362368225247778, "quartiles": [34.801002777777775, 48.46875, 59.823908333333335]}}